text,lang,category
Groceries on Wednesday: toothpaste,en,shopping
Поръчай пица за срещата,bg,shopping
A game with recipes,en,idea
Finish the book before Saturday,en,personal
Yoga at 2pm,en,personal
"List: tea, eggs, a charger",en,shopping
Standup at 4:15,en,work
Да пробвам рецепти в свободното време,bg,idea
Да се обадя на мама,bg,work
"List: a charger, fruit, eggs",en,shopping
Да науча повече за спестяване на ток,bg,idea
Йога в 14:00,bg,personal
Email the boss about the the notes app deadline,en,work
Обаждане с клиента за сайта,bg,work
Купи зарядно и яйца,bg,shopping
Среща с Иван в 14:00 за API-то,bg,work
We are out of tea,en,shopping
Кино с приятели в понеделник,bg,personal
"Milk, bread and tea",en,shopping
"Мляко, хляб и сирене",bg,shopping
Dentist at 2pm,en,personal
Деплой на плащанията след 14:00,bg,work
Deploy the API after 4:15,en,work
Свърши ни паста за зъби,bg,shopping
Meeting with John at noon about the notes app,en,work
Вечеря с татко в понеделник,bg,personal
Dentist at noon,en,personal
Рожден ден на сестра ми в събота,bg,personal
Get coffee from the store,en,shopping
Интервю с кандидат в утре,bg,work
Вечеря с татко в петък,bg,personal
Презентация за сайта в сряда,bg,work
Да взема сестра ми от гарата,bg,personal
Поръчай тетрадки онлайн,bg,shopping
Да обновя документацията на бележките,bg,work
Да питам Мария за рецептата,bg,personal
Mum's birthday on Friday,en,personal
Fix the bug in payments,en,work
Deploy payments after 10:30,en,work
Meeting with Maria at 10:30 about payments,en,work
Поръчай сирене онлайн,bg,shopping
Какво ако CI pipeline-а има дронове?,bg,idea
A podcast about travel,en,idea
Try drones in my free time,en,idea
Learn more about drones,en,idea
"Списък: сирене, сирене, сирене",bg,shopping
Groceries on tomorrow: coffee,en,shopping
Идея: приложение за машинно обучение,bg,idea
Вечеря с брат ми в утре,bg,personal
"Бот, който следи умен дом",bg,idea
Да науча Docker за проекта,bg,work
Meeting with the boss at 2pm about the API,en,work
Return the cheese to the shop,en,shopping
Ревю на PR-а за плащанията,bg,work
Finish the the API report,en,work
Update the the website docs,en,work
Поръчай чай онлайн,bg,shopping
Blog post about recipes,en,idea
Walk the dog in the park,en,personal
"Milk, bread and coffee",en,shopping
my brother's birthday on Friday,en,personal
Деплой на сайта след 10:30,bg,work
A game with drones,en,idea
Groceries on Saturday: tea,en,shopping
Dinner with Grandma on Friday,en,personal
Какво ако мобилното приложение има музика?,bg,idea
Да върна тетрадки в магазина,bg,shopping
Деплой на мобилното приложение след 10:30,bg,work
Try gardening in my free time,en,idea
Какво ако API-то има музика?,bg,idea
Meeting with the team at noon about the website,en,work
Get notebooks from the store,en,shopping
Idea: an app for travel,en,idea
A bot that tracks drones,en,idea
Може ли да автоматизираме градинарство?,bg,idea
Idea: an app for gardening,en,idea
Среща с Мария в 10:30 за CI pipeline-а,bg,work
Mum's birthday on Wednesday,en,personal
Idea: an app for recipes,en,idea
Да върна чай в магазина,bg,shopping
Пазар в утре: плодове,bg,shopping
Стендъп в 14:00,bg,work
Cinema with friends on tomorrow,en,personal
Return the tea to the shop,en,shopping
Try travel in my free time,en,shopping
Игра с градинарство,bg,idea
my brother's birthday on tomorrow,en,personal
Pick up my brother from the station,en,personal
Хакатон проект: рецепти,bg,idea
Could we automate machine learning?,en,idea
Да върна паста за зъби в магазина,bg,shopping
Try recipes in my free time,en,idea
Статия за спестяване на ток,bg,idea
An app for the shopping list,en,idea
Рожден ден на татко в събота,bg,personal
Batteries and a charger for home,en,shopping
Get eggs from the store,en,shopping
Blog post about machine learning,en,idea
Свърши ни зарядно,bg,shopping
Какво ако бележките има машинно обучение?,bg,idea
Батерии и чай за вкъщи,bg,shopping
Идея: приложение за музика,bg,idea
Да взема тетрадки от магазина,bg,shopping
Среща с Мария в 9:00 за плащанията,bg,work
"List: tea, a charger, tea",en,shopping
A podcast about gardening,en,idea
Какво ако CI pipeline-а има градинарство?,bg,work
Finish the book before Friday,en,personal
A bot that tracks travel,en,personal
Meeting with Maria at noon about the API,en,work
Деплой на бележките след обяд,bg,work
Да пробвам дронове в свободното време,bg,idea
Could we automate a smart home?,en,idea
Doctor's appointment on Friday,en,personal
"List: a charger, eggs, tea",en,shopping
Зъболекар в 16:15,bg,personal
A gift for the boss's birthday,en,shopping
Dad's birthday on Friday,en,personal
Да пробвам спестяване на ток в свободното време,bg,idea
Свърши ни яйца,bg,shopping
Presentation on the website on Wednesday,en,work
Фитнес след работа,bg,personal
"List: cheese, a charger, fruit",en,shopping
Could we automate gardening?,en,idea
"Списък: сирене, яйца, сирене",bg,shopping
Return the fruit to the shop,en,shopping
Да взема брат ми от гарата,bg,personal
Buy a charger and notebooks,en,personal
Presentation on payments on Monday,en,work
Learn more about saving power,en,idea
Да се обадя на татко,bg,personal
Deploy the website after 4:15,en,work
Batteries and notebooks for home,en,personal
Да прочета книгата преди понеделник,bg,personal
Order pizza for the meeting,en,shopping
Dinner with my sister on Saturday,en,personal
Да пиша на дизайнера за срока на API-то,bg,work
Обаждане с клиента за бележките,bg,work
Йога в обяд,bg,personal
Presentation on the API on Friday,en,work
Да взема баба от гарата,bg,personal
"List: toothpaste, eggs, cheese",en,shopping
Обаждане с клиента за плащанията,bg,work
Hackathon project: saving power,en,idea
Groceries on Saturday: notebooks,en,shopping
Groceries on Monday: eggs,en,shopping
Could the team do yoga?,en,idea
Dentist at 4:15,en,personal
Batteries and eggs for home,en,shopping
Да върна зарядно в магазина,bg,shopping
Learn more about recipes,en,shopping
Приложение за списъка за пазар,bg,idea
Update the the CI pipeline docs,en,work
Зъболекар в 9:00,bg,personal
Час при лекаря в сряда,bg,personal
A game with saving power,en,idea
Подкаст за рецепти,bg,idea
Doctor's appointment on Monday,en,personal
Dad's birthday on tomorrow,en,personal
Свърши ни кафе,bg,shopping
Идея: приложение за градинарство,bg,idea
Идея: приложение за спестяване на ток,bg,idea
"Мляко, хляб и паста за зъби",bg,shopping
Doctor's appointment on Wednesday,en,personal
A game with music,en,idea
Presentation on the website on Saturday,en,work
Finish the book before tomorrow,en,personal
"Мляко, хляб и кафе",bg,shopping
Рожден ден на баба в петък,bg,personal
Estimate the sprint tasks,en,work
Среща с дизайнера в 10:30 за мобилното приложение,bg,work
Ревю на PR-а за сайта,bg,work
Yoga at 4:15,en,personal
Fix the bug in the API,en,idea
A podcast about saving power,en,idea
Presentation on the mobile app on Monday,en,work
Хакатон проект: музика,bg,idea
Yoga at 10:30,en,personal
"List: eggs, a charger, eggs",en,shopping
Dentist at 10:30,en,personal
Dad's birthday on Saturday,en,personal
What if payments had gardening?,en,idea
Игра с музика,bg,idea
Buy a charger and a charger,en,shopping
Grandma's birthday on tomorrow,en,personal
Среща с Мария в 10:30 за плащанията,bg,work
Finish the book before Monday,en,personal
Рожден ден на брат ми в утре,bg,personal
Return the eggs to the shop,en,personal
Return the notebooks to the shop,en,shopping
Update the the API docs,en,work
Cinema with friends on Saturday,en,personal
Вечеря с мама в понеделник,bg,personal
Подкаст за спестяване на ток,bg,idea
"Milk, bread and fruit",en,shopping
Йога в 9:00,bg,personal
Оценка на задачите за спринта,bg,work
Да пробвам музика в свободното време,bg,idea
Да пиша на Петър за срока на сайта,bg,personal
Да върна кафе в магазина,bg,work
Да оправя бъга в плащанията,bg,personal
Да довърша отчета за сайта,bg,work
Review the PR for the notes app,en,work
Idea for Friday's presentation,en,work
Blog post about drones,en,idea
Doctor's appointment on tomorrow,en,personal
Час при лекаря в петък,bg,personal
Pick up Mum from the station,en,personal
Пазар в събота: сирене,bg,shopping
Email Peter about the payments deadline,en,work
Обаждане с клиента за API-то,bg,work
Dad's birthday on Wednesday,en,personal
Статия за пътувания,bg,idea
Idea: an app for music,en,idea
Grandma's birthday on Saturday,en,personal
Да пиша на Петър за срока на бележките,bg,work
Review the PR for the website,en,work
"Milk, bread and toothpaste",en,shopping
Стендъп в 16:15,bg,work
Dinner with Grandma on tomorrow,en,personal
We are out of notebooks,en,shopping
Кино с приятели в сряда,bg,personal
Dinner with Grandma on Monday,en,personal
Get tea from the store,en,shopping
Cinema with friends on Friday,en,personal
Час при лекаря в понеделник,bg,personal
Идея: приложение за дронове,bg,idea
Dinner with Mum on Friday,en,personal
"Мляко, хляб и чай",bg,shopping
Подкаст за градинарство,bg,idea
What if the CI pipeline had saving power?,en,idea
Вечеря с сестра ми в утре,bg,personal
Update the the notes app docs,en,work
Пазар в сряда: паста за зъби,bg,work
Вечеря с сестра ми в понеделник,bg,personal
Finish the the CI pipeline report,en,work
We are out of fruit,en,shopping
Finish the the website report,en,work
Dinner with my brother on Friday,en,personal
Вечеря с татко в утре,bg,personal
Presentation on payments on Wednesday,en,work
Email Peter about the the website deadline,en,work
Learn more about music,en,idea
Вечеря с сестра ми в събота,bg,personal
my sister's birthday on Friday,en,personal
Email the team about the payments deadline,en,work
We are out of a charger,en,personal
A bot that tracks gardening,en,idea
Презентация за CI pipeline-а в петък,bg,work
Презентация за бележките в сряда,bg,work
Да пиша на екипа за срока на бележките,bg,work
Идея за презентацията в петък,bg,work
Да пиша на екипа за срока на CI pipeline-а,bg,work
Свърши ни плодове,bg,shopping
Interview a candidate on Wednesday,en,work
What if the CI pipeline had machine learning?,en,idea
Час при лекаря в събота,bg,personal
Groceries on Friday: a charger,en,shopping
Стендъп в 10:30,bg,work
Ревю на PR-а за мобилното приложение,bg,work
Подкаст за пътувания,bg,idea
Да прочета книгата преди утре,bg,personal
Return the coffee to the shop,en,shopping
Hackathon project: recipes,en,idea
Идея: приложение за умен дом,bg,idea
Dinner with my brother on Monday,en,personal
Blog post about music,en,idea
Deploy the mobile app after 9:00,en,work
What if the CI pipeline had gardening?,en,idea
Пазар в понеделник: тетрадки,bg,shopping
Learn Docker for the project,en,work
Подкаст за музика,bg,idea
Да пробвам машинно обучение в свободното време,bg,idea
"Бот, който следи градинарство",bg,idea
Да върна яйца в магазина,bg,shopping
Свърши ни чай,bg,shopping
my sister's birthday on Monday,en,personal
Кино с приятели в събота,bg,personal
Хакатон проект: машинно обучение,bg,idea
Pay the rent,en,personal
Ревю на PR-а за API-то,bg,work
Стендъп в обяд,bg,work
Пазар в сряда: кафе,bg,shopping
Order toothpaste online,en,shopping
"List: cheese, cheese, notebooks",en,shopping
Какво ако API-то има рецепти?,bg,idea
Йога в 10:30,bg,personal
Купи подарък за татко,bg,shopping
Call Mum,en,personal
A podcast about drones,en,idea
Презентация за CI pipeline-а в утре,bg,work
Хакатон проект: пътувания,bg,idea
Yoga at 9:00,en,personal
Вечеря с брат ми в сряда,bg,work
Вечеря с брат ми в събота,bg,personal
Standup at 9:00,en,work
Може ли да автоматизираме спестяване на ток?,bg,idea
Да науча повече за музика,bg,idea
Call Grandma,en,personal
Dentist at 9:00,en,personal
Cinema with friends on Monday,en,personal
"Списък: тетрадки, яйца, паста за зъби",bg,shopping
Да върна плодове в магазина,bg,shopping
Standup at 2pm,en,work
Learn more about machine learning,en,idea
A bot that tracks machine learning,en,idea
Хакатон проект: градинарство,bg,idea
Рожден ден на брат ми в сряда,bg,idea
"Milk, bread and cheese",en,shopping
"List: a charger, coffee, coffee",en,shopping
Да пробвам умен дом в свободното време,bg,idea
Да довърша отчета за API-то,bg,work
Да науча повече за дронове,bg,shopping
Dinner with Dad on tomorrow,en,personal
Gym after work,en,personal
Интервю с кандидат в понеделник,bg,work
Buy a gift for my sister,en,shopping
Grandma's birthday on Wednesday,en,personal
Interview a candidate on Monday,en,work
Поръчай паста за зъби онлайн,bg,shopping
Call Dad,en,personal
Какво ако API-то има машинно обучение?,bg,idea
Да взема кафе от магазина,bg,shopping
Email Maria about the the notes app deadline,en,work
Review the PR for the API,en,work
Order cheese online,en,shopping
Вечеря с брат ми в петък,bg,personal
Meeting with the designer at noon about the mobile app,en,work
Fix the bug in the website,en,work
"Списък: плодове, яйца, сирене",bg,shopping
Standup at noon,en,work
Hackathon project: gardening,en,idea
Да науча повече за рецепти,bg,idea
A podcast about machine learning,en,idea
"List: coffee, a charger, a charger",en,shopping
Да се обадя на брат ми,bg,personal
Да взема яйца от магазина,bg,shopping
Да довърша отчета за CI pipeline-а,bg,work
Да върна сирене в магазина,bg,shopping
Meeting with John at 9:00 about the API,en,work
Зъболекар в обяд,bg,personal
Презентация за сайта в понеделник,bg,work
Review the PR for the mobile app,en,work
Call the client about the website,en,work
Batteries and toothpaste for home,en,shopping
Meeting with Maria at 9:00 about the CI pipeline,en,work
What if the website had a smart home?,en,idea
Купи лаптоп за новия колега,bg,shopping
Свърши ни сирене,bg,shopping
Order tea online,en,shopping
Идея: приложение за пътувания,bg,idea
"Бот, който следи дронове",bg,idea
Да пробвам градинарство в свободното време,bg,idea
Pick up Dad from the station,en,personal
Игра с пътувания,bg,idea
"Мляко, хляб и тетрадки",bg,shopping
Пазар в петък: кафе,bg,shopping
Dinner with Mum on tomorrow,en,personal
"Списък: яйца, яйца, плодове",bg,shopping
Buy cheese and eggs,en,shopping
Обаждане с клиента за CI pipeline-а,bg,work
Deploy the mobile app after 10:30,en,work
Да взема мама от гарата,bg,personal
Finish the book before Wednesday,en,personal
Обаждане с клиента за мобилното приложение,bg,work
Learn more about travel,en,idea
Може ли да автоматизираме пътувания?,bg,idea
Какво ако API-то има спестяване на ток?,bg,idea
Да пиша на Мария за срока на плащанията,bg,work
Вечеря с мама в сряда,bg,personal
"Бот, който следи музика",bg,idea
Hackathon project: travel,en,idea
Какво ако мобилното приложение има спестяване на ток?,bg,idea
Рожден ден на баба в утре,bg,personal
Batteries and cheese for home,en,shopping
Hackathon project: drones,en,idea
Йога в 16:15,bg,personal
Вечеря с сестра ми в петък,bg,personal
Да прочета книгата преди петък,bg,personal
Finish the payments report,en,work
Get a charger from the store,en,shopping
Ask Maria for the recipe,en,personal
Батерии и паста за зъби за вкъщи,bg,shopping
Call the client about the API,en,work
Кино с приятели в утре,bg,personal
"List: eggs, tea, coffee",en,shopping
Да оправя бъга в бележките,bg,work
Review the PR for the CI pipeline,en,work
What if the notes app had drones?,en,idea
Buy notebooks and a charger,en,shopping
Dinner with my sister on Monday,en,personal
Да се обадя на баба,bg,personal
Презентация за API-то в петък,bg,work
Рожден ден на татко в сряда,bg,personal
Blog post about a smart home,en,idea
We are out of cheese,en,shopping
Пазар в събота: паста за зъби,bg,shopping
Order eggs online,en,shopping
Order notebooks online,en,shopping
Купи зарядно и сирене,bg,shopping
Call my sister,en,personal
Стендъп в 9:00,bg,work
Статия за градинарство,bg,idea
Да оправя бъга в сайта,bg,work
Да пиша на Иван за срока на CI pipeline-а,bg,work
Buy fruit and coffee,en,shopping
Среща с Мария в 14:00 за мобилното приложение,bg,work
Interview a candidate on tomorrow,en,work
Fix the bug in the CI pipeline,en,work
Да прочета книгата преди сряда,bg,personal
Grandma's birthday on Friday,en,personal
Вечеря с мама в събота,bg,personal
"Списък: плодове, зарядно, чай",bg,shopping
Presentation on the API on Wednesday,en,work
Поръчай плодове онлайн,bg,shopping
Buy cheese and tea,en,shopping
Pick up my sister from the station,en,personal
"Списък: кафе, паста за зъби, чай",bg,shopping
Groceries on tomorrow: toothpaste,en,shopping
Meeting with the designer at 9:00 about the notes app,en,work
Купи подарък за брат ми,bg,shopping
Groceries on Friday: notebooks,en,shopping
Батерии и кафе за вкъщи,bg,shopping
Да довърша отчета за плащанията,bg,work
Email the boss about the the mobile app deadline,en,work
Get toothpaste from the store,en,shopping
Dinner with Dad on Monday,en,personal
Хакатон проект: умен дом,bg,idea
Call the client about the mobile app,en,shopping
Cinema with friends on Wednesday,en,personal
Doctor's appointment on Saturday,en,personal
Купи зарядно и паста за зъби,bg,shopping
Return the toothpaste to the shop,en,shopping
Да платя наема,bg,personal
Да прочета книгата преди събота,bg,personal
Купи подарък за баба,bg,shopping
What if the website had gardening?,en,idea
Пазар в понеделник: яйца,bg,shopping
Idea: an app for machine learning,en,idea
Батерии и яйца за вкъщи,bg,shopping
Hackathon project: machine learning,en,idea
Зъболекар в 10:30,bg,personal
Батерии и сирене за вкъщи,bg,shopping
Подарък за шефа за рождения ден,bg,shopping
A game with a smart home,en,idea
Presentation on the mobile app on tomorrow,en,work
Вечеря с баба в сряда,bg,personal
Батерии и тетрадки за вкъщи,bg,shopping
Ревю на PR-а за CI pipeline-а,bg,work
A game with gardening,en,idea
What if the API had a smart home?,en,idea
Статия за машинно обучение,bg,idea
We are out of toothpaste,en,shopping
Да довърша отчета за бележките,bg,work
Да пиша на дизайнера за срока на CI pipeline-а,bg,work
Да науча повече за умен дом,bg,idea
Да довърша отчета за мобилното приложение,bg,work
Рожден ден на сестра ми в понеделник,bg,personal
Order a charger online,en,shopping
Try machine learning in my free time,en,idea
What if the website had music?,en,idea
Finish the the notes app report,en,work
A bot that tracks saving power,en,idea
Dinner with Dad on Wednesday,en,personal
Да се обадя на сестра ми,bg,personal
Blog post about saving power,en,shopping
Get cheese from the store,en,shopping
Да науча повече за машинно обучение,bg,idea
Може ли да автоматизираме рецепти?,bg,idea
Deploy payments after 2pm,en,work
Presentation on the notes app on Monday,en,work
A bot that tracks recipes,en,idea
Интервю с кандидат в събота,bg,work
Batteries and coffee for home,en,shopping
Да пиша на дизайнера за срока на мобилното приложение,bg,work
Купи подарък за мама,bg,work
Buy a laptop for the new colleague,en,shopping
Може ли екипът да ходи на йога?,bg,idea
Може ли да автоматизираме машинно обучение?,bg,idea
A podcast about recipes,en,shopping
Батерии и зарядно за вкъщи,bg,shopping
Blog post about gardening,en,idea
"Списък: сирене, яйца, паста за зъби",bg,shopping
"Бот, който следи машинно обучение",bg,idea
Поръчай зарядно онлайн,bg,shopping
Разходка в парка с кучето,bg,personal
Email John about the the mobile app deadline,en,idea
"Списък: чай, чай, кафе",bg,shopping
"Бот, който следи рецепти",bg,idea
Час при лекаря в утре,bg,personal
Deploy the API after 10:30,en,work
"Списък: паста за зъби, чай, сирене",bg,shopping
Meeting with the designer at 10:30 about the API,en,work
Кино с приятели в петък,bg,personal
Игра с машинно обучение,bg,idea
Dinner with my sister on Friday,en,personal
Статия за дронове,bg,idea
Среща с дизайнера в 16:15 за сайта,bg,work
Игра с рецепти,bg,idea
Да обновя документацията на CI pipeline-а,bg,work
Зъболекар в 14:00,bg,personal
"Списък: паста за зъби, тетрадки, кафе",bg,shopping
What if the API had drones?,en,idea
"Мляко, хляб и зарядно",bg,shopping
Интервю с кандидат в сряда,bg,work
Groceries on Saturday: eggs,en,shopping
"List: tea, tea, cheese",en,shopping
Да пробвам пътувания в свободното време,bg,idea
Рожден ден на татко в петък,bg,personal
Да пиша на Иван за срока на плащанията,bg,work
Вечеря с баба в петък,bg,personal
Среща с дизайнера в 14:00 за плащанията,bg,work
What if the API had machine learning?,en,idea
Интервю с кандидат в петък,bg,work
Try saving power in my free time,en,idea
Да пиша на Петър за срока на CI pipeline-а,bg,idea
Pick up Grandma from the station,en,personal
Learn more about gardening,en,idea
Да взема татко от гарата,bg,personal
"Мляко, хляб и яйца",bg,shopping
my sister's birthday on Saturday,en,idea
A podcast about music,en,idea
Idea: an app for saving power,en,idea
Standup at 10:30,en,work
Call my brother,en,personal
"Мляко, хляб и плодове",bg,shopping
Да науча повече за градинарство,bg,idea
Игра с умен дом,bg,idea
Presentation on the API on tomorrow,en,work
Да обновя документацията на API-то,bg,work
Рожден ден на сестра ми в петък,bg,personal
Email the designer about the the CI pipeline deadline,en,work
Рожден ден на брат ми в понеделник,bg,personal
Среща с Петър в 9:00 за мобилното приложение,bg,work
Хакатон проект: дронове,bg,idea
Деплой на сайта след 14:00,bg,work
